"Index","AssetName","Label","SizeBytes"
"1","rvc-model-001.zip","阿飞.zip","119715893"
"2","rvc-model-002.zip","巴托洛米奥.zip","173361343"
"3","rvc-model-003.zip","波风水门 2.zip","252248970"
"4","rvc-model-004.zip","波风水门 V2 1.zip","57584660"
"5","rvc-model-005.zip","波风水门 V2.zip","57584656"
"6","rvc-model-006.zip","波风水门.zip","209341030"
"7","rvc-model-007.zip","赤砂之蝎.zip","84866557"
"8","rvc-model-008.zip","川木.zip","224001110"
"9","rvc-model-009.zip","春野樱.zip","226505547"
"10","rvc-model-010.zip","达鲁伊 11.zip","55231277"
"11","rvc-model-011.zip","达鲁伊.zip","82575123"
"12","rvc-model-012.zip","大和.zip","104947105"
"13","rvc-model-013.zip","大蛇丸.zip","151393438"
"14","rvc-model-014.zip","大筒木阿修罗.zip","71896788"
"15","rvc-model-015.zip","大筒木辉夜.zip","57586662"
"16","rvc-model-016.zip","大筒木金式.zip","143085319"
"17","rvc-model-017.zip","大筒木舍人.zip","67756642"
"18","rvc-model-018.zip","大筒木桃式.zip","82760133"
"19","rvc-model-019.zip","大筒木一式.zip","68733036"
"20","rvc-model-020.zip","大筒木因陀罗.zip","77882143"
"21","rvc-model-021.zip","迪达拉 1.zip","96341448"
"22","rvc-model-022.zip","迪达拉 2.zip","80720383"
"23","rvc-model-023.zip","迪达拉.zip","100950625"
"24","rvc-model-024.zip","法尼·瓦伦泰.zip","151726965"
"25","rvc-model-025.zip","飞段.zip","213532051"
"26","rvc-model-026.zip","干柿鬼鲛.zip","60486672"
"27","rvc-model-027.zip","纲手 V1.zip","55237355"
"28","rvc-model-028.zip","纲手.zip","145261338"
"29","rvc-model-029.zip","关关 V1.zip","88534970"
"30","rvc-model-030.zip","鬼灯水月.zip","82642602"
"31","rvc-model-031.zip","黑土.zip","106116692"
"32","rvc-model-032.zip","角都.zip","58643216"
"33","rvc-model-033.zip","可然 V1.zip","96723535"
"34","rvc-model-034.zip","空条徐伦.zip","143452133"
"35","rvc-model-035.zip","鲁路修.zip","57586586"
"36","rvc-model-036.zip","洛克李 1.zip","55231275"
"37","rvc-model-037.zip","洛克李.zip","199687095"
"38","rvc-model-038.zip","迈特凯 V1y.zip","57592429"
"39","rvc-model-039.zip","迈特凯.zip","157340430"
"40","rvc-model-040.zip","奈良鹿丸 Nara版.zip","88554923"
"41","rvc-model-041.zip","奈良鹿丸.zip","152413431"
"42","rvc-model-042.zip","佩恩.zip","73683415"
"43","rvc-model-043.zip","琪琪 V1.zip","113999213"
"44","rvc-model-044.zip","旗木卡卡西.zip","440060263"
"45","rvc-model-045.zip","千手扉间.zip","67576654"
"46","rvc-model-046.zip","千手柱间.zip","68915822"
"47","rvc-model-047.zip","犬冢牙 0.zip","128910932"
"48","rvc-model-048.zip","犬冢牙.zip","137414939"
"49","rvc-model-049.zip","日向雏田.zip","84842387"
"50","rvc-model-050.zip","少年千手扉间 中文版.zip","68707485"
"51","rvc-model-051.zip","少年千手扉间.zip","141238168"
"52","rvc-model-052.zip","少年宇智波带土.zip","237020852"
"53","rvc-model-053.zip","少年宇智波佐助.zip","226064081"
"54","rvc-model-054.zip","时透无一郎.zip","144205499"
"55","rvc-model-055.zip","桃地再不斩.zip","62181488"
"56","rvc-model-056.zip","王也.zip","143643986"
"57","rvc-model-057.zip","未命名模型 5555.zip","55194967"
"58","rvc-model-058.zip","未命名模型 lks11.zip","107912036"
"59","rvc-model-059.zip","未命名模型 youzhanv2-xi.zip","57560452"
"60","rvc-model-060.zip","我爱罗.zip","182333063"
"61","rvc-model-061.zip","五条悟.zip","139287334"
"62","rvc-model-062.zip","香燐.zip","119392902"
"63","rvc-model-063.zip","小丑.zip","101846531"
"64","rvc-model-064.zip","小南 1.zip","57561458"
"65","rvc-model-065.zip","小南.zip","543870891"
"66","rvc-model-066.zip","漩涡博人.zip","231653024"
"67","rvc-model-067.zip","漩涡玖辛奈.zip","191884289"
"68","rvc-model-068.zip","漩涡鸣人 0.zip","72496409"
"69","rvc-model-069.zip","漩涡鸣人 2.zip","122989820"
"70","rvc-model-070.zip","漩涡鸣人 3.zip","166484549"
"71","rvc-model-071.zip","药师兜.zip","152044422"
"72","rvc-model-072.zip","野原琳.zip","148117237"
"73","rvc-model-073.zip","宇智波斑 Uchiha版.zip","379417422"
"74","rvc-model-074.zip","宇智波斑.zip","96340294"
"75","rvc-model-075.zip","宇智波带土 1.zip","69387876"
"76","rvc-model-076.zip","宇智波带土.zip","185838662"
"77","rvc-model-077.zip","宇智波鼬.zip","113744078"
"78","rvc-model-078.zip","宇智波止水.zip","84394262"
"79","rvc-model-079.zip","宇智波佐良娜.zip","171650590"
"80","rvc-model-080.zip","宇智波佐助.zip","82539715"
"81","rvc-model-081.zip","猿飞阿斯玛.zip","97675628"
"82","rvc-model-082.zip","猿飞日斩 1.zip","81034365"
"83","rvc-model-083.zip","猿飞日斩 hzj.zip","55194372"
"84","rvc-model-084.zip","猿飞日斩.zip","149925192"
"85","rvc-model-085.zip","月光疾风.zip","97162779"
"86","rvc-model-086.zip","长门 11.zip","55218716"
"87","rvc-model-087.zip","长门.zip","576404062"
"88","rvc-model-088.zip","诸葛青.zip","94210230"
"89","rvc-model-089.zip","紫阳花.zip","72395792"
"90","rvc-model-090.zip","自来也.zip","181980315"
"91","rvc-model-091.zip","佐井.zip","169434080"
